,QID,Topic_ID,Difficulty,Percentile,HL_only,KP_ID
0,1001,"[103, 101]",3,37,N,"['AISL28', 'AASL192', 'AAHL67']"
1,1002,"[103, 101]",3,31,N,"['AIHL21', 'AAHL67', 'AASL192']"
2,1003,"[103, 102]",2,18,Y,['AASL192']
3,1004,"[102, 101]",5,66,Y,['AIHL21']
4,1005,"[102, 103]",4,44,Y,['AASL192']
5,1006,"[103, 101]",1,4,N,"['AAHL67', 'AISL28', 'AIHL21']"
6,1007,"[102, 101]",3,29,Y,['AISL28']
7,1008,"[101, 102]",3,31,N,['AAHL67']
8,1009,"[101, 103]",7,89,N,"['AASL192', 'AIHL21']"
9,1010,"[102, 103]",1,8,N,['AIHL21']
10,1011,[101],7,86,Y,"['AASL192', 'AAHL67']"
11,1012,"[103, 101]",6,85,Y,"['AASL192', 'AISL28', 'AIHL21']"
12,1013,[102],5,59,N,['AASL192']
13,1014,[102],4,45,N,['AASL192']
14,1015,[103],4,45,Y,"['AAHL67', 'AASL192', 'AIHL21', 'AISL28']"
15,1016,[101],5,71,N,['AASL192']
16,1017,[101],7,97,Y,"['AASL192', 'AIHL21', 'AAHL67']"
17,1018,"[101, 103]",3,41,N,"['AISL28', 'AIHL21']"
18,1019,[102],6,75,Y,['AAHL67']
19,1020,"[103, 102, 101]",5,59,Y,"['AAHL67', 'AIHL21']"
20,1021,[103],3,30,N,['AISL28']
21,1022,[103],5,68,Y,"['AIHL21', 'AISL28']"
22,1023,[103],1,3,Y,"['AASL192', 'AISL28', 'AAHL67', 'AIHL21']"
23,1024,"[101, 102]",7,96,N,"['AASL192', 'AISL28', 'AIHL21']"
24,1025,[103],2,26,Y,['AIHL21']
25,1026,[103],4,51,N,"['AISL28', 'AASL192']"
26,1027,[103],1,13,Y,"['AAHL67', 'AIHL21', 'AISL28', 'AASL192']"
27,1028,"[102, 101]",1,2,Y,['AISL28']
28,1029,"[103, 102]",1,8,Y,"['AAHL67', 'AISL28']"
29,1030,[103],1,8,Y,"['AASL192', 'AAHL67']"
30,1031,"[102, 103]",1,12,Y,['AAHL67']
31,1032,[102],1,7,N,"['AASL192', 'AAHL67']"
32,1033,"[101, 102]",3,40,N,"['AASL192', 'AISL28']"
33,1034,"[101, 103]",4,45,N,"['AASL192', 'AIHL21', 'AAHL67']"
34,1035,"[101, 102]",7,92,Y,"['AAHL67', 'AIHL21']"
35,1036,"[101, 102]",1,14,N,"['AASL192', 'AAHL67', 'AIHL21']"
36,1037,"[101, 102]",6,73,Y,"['AIHL21', 'AISL28', 'AASL192']"
37,1038,"[102, 101]",4,45,N,['AAHL67']
38,1039,"[101, 103]",2,17,N,"['AISL28', 'AAHL67']"
39,1040,[102],3,29,Y,['AISL28']
40,1041,[101],3,31,N,['AAHL67']
41,1042,[102],6,85,N,['AISL28']
42,1043,"[101, 102, 103]",7,89,Y,"['AASL192', 'AAHL67', 'AISL28']"
43,1044,"[101, 102]",6,76,Y,"['AASL192', 'AAHL67', 'AISL28']"
44,1045,[103],5,69,N,"['AIHL21', 'AISL28', 'AAHL67']"
45,1046,"[101, 102]",5,59,N,"['AASL192', 'AAHL67', 'AISL28']"
46,1047,"[103, 101, 102]",4,54,Y,"['AIHL21', 'AASL192']"
47,1048,"[102, 101]",3,33,N,"['AISL28', 'AIHL21']"
48,1049,[103],6,85,N,['AAHL67']
49,1050,[103],1,4,N,"['AAHL67', 'AISL28', 'AASL192', 'AIHL21']"
50,1051,[103],4,45,Y,"['AISL28', 'AASL192', 'AIHL21']"
51,1052,[101],1,8,N,"['AASL192', 'AISL28']"
52,1053,[101],1,14,Y,['AISL28']
53,1054,[103],7,99,N,"['AISL28', 'AASL192']"
54,1055,"[103, 101]",6,75,Y,['AISL28']
55,1056,[103],3,35,N,"['AIHL21', 'AISL28']"
56,1057,[103],6,78,Y,"['AIHL21', 'AASL192']"
57,1058,[102],6,83,Y,"['AASL192', 'AAHL67']"
58,1059,[103],7,89,Y,"['AIHL21', 'AASL192']"
59,1060,"[101, 103]",6,83,Y,"['AISL28', 'AIHL21']"
60,1061,"[102, 101]",5,65,N,['AIHL21']
61,1062,[102],4,55,Y,['AIHL21']
62,1063,[101],1,12,Y,"['AIHL21', 'AAHL67']"
63,1064,"[103, 101, 102]",2,18,Y,['AIHL21']
64,1065,"[101, 103]",5,67,N,['AIHL21']
65,1066,"[101, 103]",3,40,N,"['AASL192', 'AISL28']"
66,1067,"[103, 101]",4,51,N,"['AASL192', 'AISL28']"
67,1068,[103],6,80,N,"['AISL28', 'AASL192', 'AAHL67']"
68,1069,"[102, 101]",5,64,Y,"['AIHL21', 'AISL28']"
69,1070,"[103, 101]",6,72,Y,['AISL28']
70,1071,"[101, 103]",4,57,N,"['AIHL21', 'AISL28']"
71,1072,[101],4,55,N,['AAHL67']
72,1073,[102],1,12,N,"['AAHL67', 'AISL28']"
73,1074,"[101, 103]",2,25,Y,"['AASL192', 'AISL28', 'AIHL21']"
74,1075,[103],6,76,Y,"['AISL28', 'AIHL21']"
75,1076,"[102, 103, 101]",2,16,Y,"['AAHL67', 'AIHL21']"
76,1077,[102],3,36,N,['AISL28']
77,1078,"[103, 101]",2,26,Y,"['AASL192', 'AAHL67']"
78,1079,[102],5,64,Y,['AAHL67']
79,1080,"[102, 103]",5,69,Y,['AISL28']
80,1081,[102],7,100,N,"['AIHL21', 'AASL192', 'AAHL67']"
81,1082,[102],6,76,Y,"['AIHL21', 'AISL28', 'AAHL67']"
82,1083,[102],6,85,N,"['AASL192', 'AIHL21']"
83,1084,"[103, 102]",4,50,Y,"['AAHL67', 'AIHL21']"
84,1085,"[103, 102]",7,90,N,['AAHL67']
85,1086,"[101, 103]",3,36,Y,['AIHL21']
86,1087,[101],1,13,Y,"['AAHL67', 'AIHL21', 'AISL28']"
87,1088,"[103, 101]",3,37,Y,['AASL192']
88,1089,[102],2,28,Y,"['AIHL21', 'AISL28']"
89,1090,[103],6,78,Y,"['AIHL21', 'AAHL67', 'AISL28', 'AASL192']"
90,1091,[101],7,91,Y,"['AIHL21', 'AASL192', 'AAHL67']"
91,1092,[102],3,30,Y,"['AAHL67', 'AIHL21']"
92,1093,"[101, 102]",6,77,Y,['AISL28']
93,1094,[102],2,24,N,['AISL28']
94,1095,"[102, 101]",2,26,Y,"['AASL192', 'AISL28']"
95,1096,"[103, 101]",1,1,N,['AISL28']
96,1097,[102],2,16,Y,"['AIHL21', 'AISL28']"
97,1098,"[102, 103]",4,51,Y,"['AAHL67', 'AIHL21']"
98,1099,"[102, 103]",7,96,Y,"['AIHL21', 'AAHL67']"
99,1100,"[103, 101]",7,88,Y,"['AIHL21', 'AISL28']"
100,1101,[102],2,23,N,['AIHL21']
101,1102,[102],6,85,Y,"['AISL28', 'AIHL21']"
102,1103,[102],2,20,N,"['AISL28', 'AIHL21', 'AAHL67']"
103,1104,"[103, 102]",6,75,Y,"['AIHL21', 'AISL28']"
104,1105,"[101, 103]",7,88,Y,"['AIHL21', 'AAHL67']"
105,1106,[102],6,76,Y,"['AASL192', 'AIHL21', 'AAHL67']"
106,1107,"[101, 103]",7,91,Y,['AAHL67']
107,1108,[102],3,32,N,"['AISL28', 'AIHL21']"
108,1109,"[102, 103]",4,52,N,['AIHL21']
109,1110,[101],3,38,Y,['AAHL67']
110,1111,[102],3,35,Y,"['AIHL21', 'AASL192', 'AISL28']"
111,1112,"[103, 101, 102]",6,81,Y,"['AAHL67', 'AASL192']"
112,1113,"[101, 103]",2,21,N,"['AASL192', 'AAHL67', 'AIHL21']"
113,1114,"[102, 103]",4,43,Y,['AASL192']
114,1115,"[101, 103]",3,29,Y,['AIHL21']
115,1116,"[101, 102]",4,51,N,"['AIHL21', 'AISL28']"
116,1117,[103],2,19,N,"['AISL28', 'AAHL67']"
117,1118,"[102, 103]",1,4,N,['AISL28']
118,1119,[101],5,68,N,['AISL28']
119,1120,"[102, 101, 103]",7,98,Y,"['AISL28', 'AAHL67']"
120,1121,[102],2,24,Y,['AASL192']
121,1122,"[103, 102, 101]",4,57,Y,"['AISL28', 'AASL192', 'AIHL21']"
122,1123,"[102, 101]",2,16,Y,['AISL28']
123,1124,"[101, 102]",1,11,N,['AIHL21']
124,1125,"[101, 103]",2,17,N,['AISL28']
125,1126,"[101, 103]",4,43,Y,"['AIHL21', 'AAHL67']"
126,1127,[102],6,79,Y,"['AISL28', 'AIHL21', 'AASL192']"
127,1128,"[103, 102]",7,98,Y,['AASL192']
128,1129,[102],5,59,N,"['AISL28', 'AIHL21']"
129,1130,[103],1,14,N,"['AASL192', 'AISL28', 'AIHL21', 'AAHL67']"
130,1131,"[102, 103]",5,63,Y,['AASL192']
131,1132,[101],7,87,Y,"['AIHL21', 'AAHL67', 'AISL28']"
132,1133,[103],2,15,Y,"['AIHL21', 'AAHL67', 'AISL28']"
133,1134,"[102, 103]",1,11,Y,"['AASL192', 'AISL28', 'AIHL21']"
134,1135,"[101, 103]",6,80,N,"['AISL28', 'AIHL21']"
135,1136,[103],2,19,Y,"['AISL28', 'AASL192']"
136,1137,"[102, 103]",6,82,N,"['AASL192', 'AIHL21', 'AISL28']"
137,1138,[101],5,65,Y,"['AAHL67', 'AISL28']"
138,1139,[101],7,100,N,['AISL28']
139,1140,[101],4,52,N,"['AASL192', 'AISL28']"
140,1141,[103],5,70,Y,"['AAHL67', 'AASL192']"
141,1142,[102],6,81,N,"['AIHL21', 'AISL28']"
142,1143,[103],4,45,N,"['AISL28', 'AASL192']"
143,1144,[101],1,12,N,['AISL28']
144,1145,[103],6,72,N,"['AAHL67', 'AASL192']"
145,1146,[103],7,86,Y,['AISL28']
146,1147,"[103, 102]",2,28,N,"['AAHL67', 'AISL28']"
147,1148,"[102, 103]",4,56,N,"['AASL192', 'AISL28']"
148,1149,"[102, 103]",4,45,N,['AAHL67']
149,1150,"[101, 102]",4,53,Y,"['AIHL21', 'AISL28']"
150,1151,"[103, 102]",3,33,N,"['AISL28', 'AIHL21']"
151,1152,[102],7,95,N,"['AASL192', 'AIHL21']"
152,1153,[102],1,12,N,"['AASL192', 'AISL28', 'AAHL67', 'AIHL21']"
153,1154,[103],7,98,N,['AISL28']
154,1155,"[102, 101]",1,4,Y,['AAHL67']
155,1156,[102],7,100,N,"['AAHL67', 'AIHL21']"
156,1157,[101],7,96,Y,"['AAHL67', 'AISL28', 'AASL192']"
157,1158,"[101, 102]",4,53,Y,"['AIHL21', 'AAHL67']"
158,1159,[101],4,51,Y,['AISL28']
159,1160,"[103, 101]",6,85,N,"['AISL28', 'AIHL21']"
160,1161,[102],5,70,N,['AIHL21']
161,1162,[101],5,66,Y,"['AISL28', 'AASL192', 'AIHL21']"
162,1163,[101],1,6,Y,"['AISL28', 'AIHL21']"
163,1164,"[103, 102]",5,58,Y,['AIHL21']
164,1165,[101],5,68,N,['AISL28']
165,1166,[101],3,31,Y,"['AIHL21', 'AISL28']"
166,1167,[103],7,93,N,"['AASL192', 'AAHL67']"
167,1168,[102],4,45,N,"['AIHL21', 'AISL28', 'AASL192']"
168,1169,"[101, 103]",4,48,N,"['AIHL21', 'AASL192']"
169,1170,[101],2,18,Y,"['AISL28', 'AASL192', 'AAHL67']"
170,1171,[102],3,40,Y,"['AAHL67', 'AIHL21', 'AASL192']"
171,1172,"[101, 103]",2,18,N,['AISL28']
172,1173,"[102, 103]",4,54,Y,"['AISL28', 'AASL192']"
173,1174,[102],2,24,Y,"['AISL28', 'AIHL21']"
174,1175,[102],6,73,Y,['AISL28']
175,1176,[102],7,98,Y,"['AASL192', 'AAHL67']"
176,1177,"[101, 103]",5,66,N,"['AISL28', 'AAHL67']"
177,1178,"[101, 103]",4,53,N,['AAHL67']
178,1179,[102],6,80,Y,['AASL192']
179,1180,"[103, 102]",4,47,Y,['AAHL67']
180,1181,"[102, 101]",5,65,Y,['AIHL21']
181,1182,[101],6,74,N,"['AIHL21', 'AISL28']"
182,1183,"[103, 102]",4,44,N,['AAHL67']
183,1184,[101],5,66,N,['AISL28']
184,1185,[103],4,49,N,"['AAHL67', 'AASL192', 'AISL28']"
185,1186,[103],3,29,N,"['AASL192', 'AIHL21', 'AAHL67']"
186,1187,[102],3,42,N,"['AISL28', 'AIHL21']"
187,1188,[103],7,86,N,['AIHL21']
188,1189,[103],4,53,Y,"['AASL192', 'AIHL21']"
189,1190,"[103, 102]",4,54,Y,"['AAHL67', 'AIHL21']"
190,1191,"[102, 103]",3,29,Y,"['AIHL21', 'AAHL67']"
191,1192,[101],4,53,N,"['AASL192', 'AISL28']"
192,1193,[102],3,36,N,['AAHL67']
193,1194,"[102, 101]",1,10,Y,"['AISL28', 'AIHL21']"
194,1195,[102],4,51,N,"['AASL192', 'AIHL21']"
195,1196,[101],5,70,Y,['AAHL67']
196,1197,[101],4,51,N,"['AISL28', 'AASL192']"
197,1198,"[103, 102]",5,69,Y,"['AIHL21', 'AAHL67']"
198,1199,[101],6,85,N,"['AAHL67', 'AIHL21']"
199,1200,[103],7,94,N,"['AIHL21', 'AASL192', 'AISL28']"
200,1201,"[101, 103]",1,4,Y,['AISL28']
201,1202,"[102, 103]",1,13,N,['AASL192']
202,1203,"[102, 101, 103]",1,9,Y,"['AASL192', 'AAHL67']"
203,1204,"[102, 101]",2,25,N,['AIHL21']
204,1205,[103],2,25,N,['AISL28']
205,1206,"[102, 101]",4,44,N,"['AASL192', 'AIHL21', 'AISL28']"
206,1207,[103],3,31,N,"['AASL192', 'AIHL21']"
207,1208,[102],2,24,Y,"['AASL192', 'AIHL21']"
208,1209,[103],2,25,N,"['AISL28', 'AASL192', 'AIHL21']"
209,1210,"[102, 103]",1,8,N,"['AASL192', 'AIHL21']"
210,1211,[103],2,25,N,"['AAHL67', 'AISL28']"
211,1212,[103],5,71,N,"['AAHL67', 'AISL28', 'AASL192']"
212,1213,[101],3,32,N,['AAHL67']
213,1214,"[102, 103]",5,62,N,"['AAHL67', 'AIHL21']"
214,1215,[101],4,46,N,['AISL28']
215,1216,"[103, 102]",7,92,Y,['AASL192']
216,1217,"[102, 103]",6,85,N,"['AIHL21', 'AASL192', 'AISL28', 'AAHL67']"
217,1218,"[103, 102]",5,66,Y,['AIHL21']
218,1219,[103],2,21,Y,"['AISL28', 'AIHL21']"
219,1220,"[102, 101]",3,31,N,['AAHL67']
220,1221,[103],3,30,Y,['AASL192']
221,1222,"[101, 103, 102]",5,58,Y,"['AIHL21', 'AASL192']"
222,1223,"[103, 101]",6,73,Y,"['AASL192', 'AAHL67']"
223,1224,"[103, 101]",7,86,Y,"['AAHL67', 'AIHL21']"
224,1225,"[103, 102]",6,77,N,"['AISL28', 'AIHL21', 'AAHL67', 'AASL192']"
225,1226,"[101, 102]",6,78,N,"['AAHL67', 'AISL28', 'AIHL21']"
226,1227,"[102, 103]",1,10,Y,"['AAHL67', 'AIHL21']"
227,1228,[102],6,83,N,"['AAHL67', 'AIHL21', 'AASL192']"
228,1229,"[102, 101, 103]",4,43,N,"['AIHL21', 'AISL28', 'AASL192', 'AAHL67']"
229,1230,[101],5,65,N,"['AIHL21', 'AASL192', 'AISL28']"
230,1231,"[103, 101]",5,70,Y,['AIHL21']
231,1232,[101],5,67,N,"['AISL28', 'AIHL21', 'AAHL67']"
232,1233,[103],5,66,N,['AIHL21']
233,1234,[102],5,59,Y,"['AISL28', 'AIHL21']"
234,1235,"[102, 101]",7,96,N,"['AIHL21', 'AISL28', 'AASL192']"
235,1236,"[101, 103, 102]",2,17,N,"['AAHL67', 'AISL28']"
236,1237,"[103, 101, 102]",5,62,Y,"['AASL192', 'AAHL67', 'AISL28']"
237,1238,"[103, 101]",6,75,N,"['AAHL67', 'AISL28', 'AASL192']"
238,1239,"[101, 103]",7,94,N,['AIHL21']
239,1240,[101],6,73,Y,['AAHL67']
240,1241,"[102, 101]",6,76,N,"['AAHL67', 'AASL192', 'AIHL21', 'AISL28']"
241,1242,[103],7,100,N,"['AIHL21', 'AASL192']"
242,1243,"[102, 103]",3,36,Y,"['AISL28', 'AAHL67']"
243,1244,"[103, 101]",4,54,Y,"['AISL28', 'AAHL67', 'AIHL21']"
244,1245,"[101, 103]",5,62,N,"['AIHL21', 'AAHL67', 'AASL192']"
245,1246,"[103, 101]",1,6,Y,"['AISL28', 'AASL192', 'AIHL21']"
246,1247,"[103, 102, 101]",6,81,N,['AAHL67']
247,1248,"[101, 103]",6,82,Y,['AASL192']
248,1249,"[103, 101]",4,50,Y,"['AASL192', 'AAHL67', 'AIHL21']"
249,1250,"[103, 102]",6,77,Y,['AIHL21']
250,1251,[102],7,97,Y,['AIHL21']
251,1252,"[102, 103]",6,77,N,['AIHL21']
252,1253,"[101, 103]",1,4,Y,['AAHL67']
253,1254,[102],3,29,Y,"['AISL28', 'AAHL67']"
254,1255,[101],7,91,N,"['AIHL21', 'AISL28', 'AAHL67']"
255,1256,"[101, 103]",2,22,Y,"['AAHL67', 'AIHL21']"
256,1257,"[102, 103]",3,35,Y,"['AASL192', 'AIHL21', 'AAHL67']"
257,1258,"[103, 101]",5,63,N,"['AAHL67', 'AASL192', 'AISL28']"
258,1259,[103],4,53,N,['AIHL21']
259,1260,[101],4,54,N,"['AISL28', 'AAHL67', 'AIHL21']"
260,1261,"[102, 103, 101]",2,20,N,"['AIHL21', 'AAHL67', 'AASL192']"
261,1262,[102],3,29,N,['AASL192']
262,1263,"[102, 101]",2,19,N,['AISL28']
263,1264,[102],7,93,N,"['AIHL21', 'AISL28']"
264,1265,"[101, 103]",3,38,Y,['AISL28']
265,1266,[101],5,59,Y,"['AISL28', 'AASL192', 'AAHL67']"
266,1267,"[102, 101]",6,79,Y,"['AIHL21', 'AASL192', 'AAHL67']"
267,1268,[101],4,43,Y,"['AIHL21', 'AAHL67', 'AISL28']"
268,1269,"[101, 103]",3,35,N,"['AAHL67', 'AISL28']"
269,1270,[103],2,18,N,"['AISL28', 'AASL192', 'AIHL21']"
270,1271,"[103, 101]",3,30,Y,['AASL192']
271,1272,[102],2,22,N,['AASL192']
272,1273,[103],5,60,Y,['AISL28']
273,1274,"[102, 103]",4,49,Y,"['AISL28', 'AASL192']"
274,1275,[103],2,18,N,"['AASL192', 'AIHL21']"
275,1276,[101],1,5,Y,"['AASL192', 'AIHL21', 'AISL28']"
276,1277,"[103, 101]",3,35,Y,"['AASL192', 'AISL28', 'AIHL21']"
277,1278,"[101, 102]",1,12,Y,['AASL192']
278,1279,"[102, 101]",7,100,N,['AASL192']
279,1280,[102],3,32,N,['AAHL67']
280,1281,[103],3,29,Y,"['AISL28', 'AASL192']"
281,1282,"[101, 103]",3,34,N,"['AASL192', 'AIHL21', 'AAHL67']"
282,1283,[103],5,65,N,"['AASL192', 'AIHL21', 'AAHL67']"
283,1284,[102],7,88,Y,['AIHL21']
284,1285,"[103, 101]",6,83,Y,"['AIHL21', 'AASL192']"
285,1286,[101],5,71,N,"['AAHL67', 'AIHL21']"
286,1287,[102],1,14,Y,"['AAHL67', 'AISL28', 'AASL192']"
287,1288,"[102, 103, 101]",5,63,Y,['AIHL21']
288,1289,[102],4,44,Y,['AAHL67']
289,1290,"[101, 103]",3,41,N,"['AASL192', 'AISL28', 'AAHL67', 'AIHL21']"
290,1291,"[102, 101]",3,36,Y,['AIHL21']
291,1292,[103],3,38,Y,"['AASL192', 'AAHL67', 'AIHL21']"
292,1293,"[102, 101]",5,60,N,['AIHL21']
293,1294,"[101, 103]",3,39,N,['AAHL67']
294,1295,[103],6,79,N,['AAHL67']
295,1296,"[102, 103]",5,60,N,['AAHL67']
296,1297,"[102, 103]",1,1,Y,"['AIHL21', 'AAHL67', 'AISL28']"
297,1298,"[103, 102]",2,28,Y,['AIHL21']
298,1299,[102],6,83,Y,"['AISL28', 'AIHL21', 'AASL192']"
299,1300,"[101, 103]",6,76,N,['AIHL21']
300,1301,"[101, 103]",5,65,Y,"['AASL192', 'AISL28', 'AIHL21']"
301,1302,[103],7,97,N,['AASL192']
302,1303,[103],6,85,N,['AAHL67']
303,1304,"[101, 103]",2,17,N,['AIHL21']
304,1305,[101],6,72,N,"['AIHL21', 'AAHL67', 'AISL28']"
305,1306,[101],5,60,N,['AAHL67']
306,1307,[102],7,98,Y,['AAHL67']
307,1308,"[103, 102]",4,54,Y,['AASL192']
308,1309,[101],6,72,Y,['AASL192']
309,1310,"[103, 102, 101]",2,27,Y,"['AASL192', 'AISL28', 'AAHL67']"
310,1311,[101],4,49,Y,"['AASL192', 'AAHL67', 'AISL28']"
311,1312,[103],2,25,N,"['AISL28', 'AASL192', 'AIHL21']"
312,1313,"[101, 103]",2,18,N,['AISL28']
313,1314,[103],6,81,N,['AISL28']
314,1315,"[101, 102]",4,49,Y,"['AIHL21', 'AASL192', 'AISL28']"
315,1316,[103],3,40,N,['AAHL67']
316,1317,[102],5,62,Y,"['AAHL67', 'AASL192']"
317,1318,[101],3,32,N,['AIHL21']
318,1319,"[102, 103, 101]",7,98,Y,"['AIHL21', 'AAHL67']"
319,1320,"[103, 101]",6,78,N,['AISL28']
320,1321,[101],7,99,Y,"['AASL192', 'AIHL21', 'AAHL67']"
321,1322,"[102, 103]",3,30,Y,"['AIHL21', 'AAHL67']"
322,1323,"[103, 101]",7,99,Y,"['AIHL21', 'AASL192']"
323,1324,[103],5,62,Y,['AIHL21']
324,1325,[101],5,62,N,['AASL192']
325,1326,[101],1,8,Y,"['AAHL67', 'AASL192']"
326,1327,"[103, 101]",7,87,Y,"['AAHL67', 'AIHL21']"
327,1328,[102],3,32,N,"['AAHL67', 'AIHL21']"
328,1329,"[103, 101]",5,69,Y,"['AAHL67', 'AIHL21', 'AISL28']"
329,1330,[103],7,99,N,['AIHL21']
330,1331,[103],3,35,N,['AISL28']
331,1332,"[101, 102]",3,35,N,['AISL28']
332,1333,"[102, 101, 103]",7,92,N,"['AAHL67', 'AIHL21']"
333,1334,[101],4,57,Y,"['AASL192', 'AAHL67']"
334,1335,"[102, 101, 103]",2,20,N,['AIHL21']
335,1336,"[103, 102]",2,23,Y,"['AISL28', 'AIHL21']"
336,1337,[103],2,20,N,"['AIHL21', 'AAHL67', 'AISL28']"
337,1338,[101],7,92,Y,"['AASL192', 'AIHL21', 'AAHL67']"
338,1339,"[102, 103]",6,79,N,"['AISL28', 'AIHL21']"
339,1340,[103],3,33,N,"['AISL28', 'AIHL21', 'AAHL67']"
340,1341,[101],7,87,N,"['AASL192', 'AAHL67', 'AISL28']"
341,1342,[102],6,77,Y,"['AISL28', 'AIHL21']"
342,1343,"[102, 103]",2,27,N,"['AISL28', 'AASL192', 'AIHL21', 'AAHL67']"
343,1344,[102],5,69,Y,['AAHL67']
344,1345,[102],6,77,Y,"['AIHL21', 'AASL192', 'AAHL67']"
345,1346,"[101, 103]",3,32,N,['AIHL21']
346,1347,"[101, 102]",2,20,N,"['AASL192', 'AIHL21', 'AAHL67']"
347,1348,[101],2,18,N,"['AAHL67', 'AIHL21']"
348,1349,[103],7,93,Y,"['AISL28', 'AIHL21', 'AAHL67']"
349,1350,"[101, 102, 103]",7,92,N,"['AISL28', 'AIHL21']"
350,1351,[101],6,77,N,"['AAHL67', 'AASL192', 'AIHL21', 'AISL28']"
351,1352,"[101, 103]",7,90,N,['AASL192']
352,1353,[102],5,60,Y,['AASL192']
353,1354,"[103, 102]",3,34,N,"['AAHL67', 'AISL28', 'AIHL21']"
354,1355,[102],2,19,Y,['AIHL21']
355,1356,[101],2,17,N,"['AAHL67', 'AIHL21']"
356,1357,"[102, 103]",4,53,Y,"['AIHL21', 'AAHL67']"
357,1358,"[101, 103, 102]",1,8,Y,"['AASL192', 'AIHL21', 'AISL28']"
358,1359,[102],3,32,N,"['AASL192', 'AISL28', 'AAHL67']"
359,1360,[102],1,10,Y,"['AISL28', 'AAHL67', 'AASL192']"
360,1361,[102],5,61,Y,"['AAHL67', 'AIHL21', 'AISL28']"
361,1362,"[103, 102]",2,24,Y,"['AAHL67', 'AIHL21', 'AISL28']"
362,1363,[101],2,27,Y,['AASL192']
363,1364,[101],4,53,Y,"['AASL192', 'AIHL21']"
364,1365,"[101, 103]",2,22,Y,"['AAHL67', 'AASL192']"
365,1366,[102],5,64,Y,"['AIHL21', 'AISL28']"
366,1367,"[103, 101]",4,49,N,"['AAHL67', 'AIHL21', 'AASL192']"
367,1368,[101],1,1,Y,"['AISL28', 'AASL192']"
368,1369,"[102, 103]",4,53,Y,"['AISL28', 'AAHL67']"
369,1370,"[101, 102]",5,62,N,"['AAHL67', 'AASL192']"
370,1371,"[102, 101, 103]",3,41,Y,['AAHL67']
371,1372,[101],6,85,Y,['AISL28']
372,1373,"[103, 102]",3,29,Y,['AISL28']
373,1374,"[101, 102]",4,51,Y,"['AIHL21', 'AAHL67']"
374,1375,"[101, 103]",7,98,N,"['AAHL67', 'AISL28']"
375,1376,"[101, 102, 103]",6,75,N,['AASL192']
376,1377,"[101, 102]",1,10,Y,['AASL192']
377,1378,[103],2,18,Y,['AAHL67']
378,1379,[101],1,7,Y,['AAHL67']
379,1380,[101],5,60,Y,"['AAHL67', 'AIHL21']"
380,1381,[101],7,100,Y,['AASL192']
381,1382,[102],4,46,N,"['AISL28', 'AASL192']"
382,1383,"[101, 102]",5,58,Y,['AISL28']
383,1384,[103],2,26,N,"['AIHL21', 'AAHL67', 'AISL28']"
384,1385,"[103, 102]",6,84,N,"['AAHL67', 'AISL28']"
385,1386,"[102, 103]",4,55,N,"['AIHL21', 'AASL192']"
386,1387,"[101, 102]",2,24,Y,"['AISL28', 'AIHL21', 'AASL192']"
387,1388,"[101, 103]",7,86,N,['AISL28']
388,1389,[101],7,100,N,"['AAHL67', 'AISL28']"
389,1390,"[103, 102]",7,94,Y,"['AASL192', 'AIHL21']"
390,1391,"[102, 103]",6,79,N,"['AIHL21', 'AAHL67']"
391,1392,"[102, 103]",5,62,N,['AIHL21']
392,1393,[102],4,48,Y,"['AASL192', 'AAHL67']"
393,1394,[101],5,64,N,['AASL192']
394,1395,"[103, 101]",5,63,N,"['AIHL21', 'AAHL67']"
395,1396,[103],5,66,Y,"['AIHL21', 'AASL192']"
396,1397,"[101, 102]",3,34,N,"['AISL28', 'AASL192']"
397,1398,[103],1,1,Y,['AASL192']
398,1399,[102],3,34,N,"['AASL192', 'AAHL67']"
399,1400,[103],7,90,Y,['AASL192']
400,1401,"[102, 103]",1,7,Y,"['AASL192', 'AAHL67']"
401,1402,"[101, 103]",5,70,N,"['AASL192', 'AAHL67', 'AISL28']"
402,1403,"[102, 103]",7,100,N,"['AASL192', 'AISL28']"
403,1404,"[103, 102]",2,27,N,"['AASL192', 'AIHL21']"
404,1405,[101],2,24,N,"['AAHL67', 'AIHL21']"
405,1406,[101],2,17,Y,['AISL28']
406,1407,[101],4,55,N,"['AIHL21', 'AASL192']"
407,1408,"[103, 101]",7,86,N,['AISL28']
408,1409,[101],4,49,Y,"['AIHL21', 'AASL192', 'AISL28']"
409,1410,"[101, 102]",7,91,Y,"['AASL192', 'AAHL67']"
410,1411,"[101, 102, 103]",5,62,Y,"['AISL28', 'AASL192']"
411,1412,"[102, 103]",5,71,N,['AIHL21']
412,1413,"[101, 102]",6,85,N,"['AAHL67', 'AASL192', 'AISL28']"
413,1414,"[101, 103]",4,54,N,"['AISL28', 'AASL192']"
414,1415,"[103, 102]",6,81,Y,"['AISL28', 'AIHL21', 'AAHL67']"
415,1416,[101],2,25,N,"['AISL28', 'AAHL67', 'AASL192']"
416,1417,"[101, 102, 103]",7,98,N,"['AIHL21', 'AASL192', 'AISL28']"
417,1418,"[101, 103]",3,39,Y,['AISL28']
418,1419,"[103, 101, 102]",2,24,Y,"['AISL28', 'AASL192']"
419,1420,"[103, 101]",4,47,N,"['AAHL67', 'AASL192', 'AIHL21']"
420,1421,"[102, 101]",3,41,Y,"['AASL192', 'AIHL21']"
421,1422,[102],3,36,Y,['AISL28']
422,1423,"[102, 103]",2,26,Y,"['AAHL67', 'AASL192']"
423,1424,[101],3,29,Y,['AASL192']
424,1425,"[102, 103]",1,5,Y,"['AASL192', 'AIHL21', 'AAHL67']"
425,1426,"[103, 102]",4,50,N,"['AISL28', 'AAHL67']"
426,1427,[102],7,91,N,"['AISL28', 'AASL192']"
427,1428,[103],6,82,N,"['AAHL67', 'AIHL21', 'AASL192']"
428,1429,[101],4,54,Y,['AAHL67']
429,1430,"[103, 102]",6,83,Y,['AASL192']
430,1431,[102],5,65,N,['AIHL21']
431,1432,"[103, 102, 101]",2,18,Y,"['AISL28', 'AASL192']"
432,1433,"[102, 101]",2,24,Y,"['AISL28', 'AAHL67']"
433,1434,[101],5,64,N,"['AIHL21', 'AISL28']"
434,1435,"[103, 102]",1,14,Y,"['AAHL67', 'AIHL21']"
435,1436,"[102, 101]",3,40,Y,['AIHL21']
436,1437,[103],5,68,Y,"['AASL192', 'AAHL67', 'AIHL21']"
437,1438,[101],4,51,Y,['AAHL67']
438,1439,[101],1,12,Y,['AIHL21']
439,1440,"[103, 101]",6,82,Y,"['AIHL21', 'AASL192', 'AAHL67']"
440,1441,[102],7,89,Y,"['AAHL67', 'AIHL21', 'AISL28']"
441,1442,"[101, 102]",7,95,N,"['AASL192', 'AAHL67']"
442,1443,"[102, 101]",3,31,Y,['AISL28']
443,1444,[103],5,63,N,['AISL28']
444,1445,[103],6,81,N,"['AIHL21', 'AASL192']"
445,1446,"[102, 101]",1,12,N,['AASL192']
446,1447,[102],7,97,Y,"['AASL192', 'AAHL67']"
447,1448,"[101, 102]",1,1,N,"['AIHL21', 'AISL28', 'AAHL67']"
448,1449,"[102, 101]",1,1,Y,"['AASL192', 'AIHL21']"
449,1450,[103],5,70,N,"['AASL192', 'AIHL21', 'AISL28']"
450,1451,"[103, 102, 101]",1,4,Y,"['AISL28', 'AAHL67']"
451,1452,"[101, 103, 102]",4,50,N,"['AIHL21', 'AASL192', 'AISL28']"
452,1453,"[102, 101]",6,72,N,"['AAHL67', 'AISL28']"
453,1454,"[102, 103]",5,65,N,"['AIHL21', 'AAHL67']"
454,1455,"[101, 102]",2,22,N,['AAHL67']
455,1456,"[102, 103]",6,76,N,['AASL192']
456,1457,"[101, 103]",3,42,Y,['AISL28']
457,1458,"[103, 102]",5,68,Y,['AASL192']
458,1459,"[103, 101]",1,13,Y,['AIHL21']
459,1460,"[101, 103]",7,87,Y,"['AISL28', 'AAHL67', 'AIHL21']"
460,1461,"[101, 102]",7,93,Y,"['AIHL21', 'AAHL67']"
461,1462,[102],6,82,N,"['AAHL67', 'AISL28']"
462,1463,"[102, 101]",4,55,Y,"['AISL28', 'AASL192', 'AAHL67']"
463,1464,[102],6,78,N,"['AISL28', 'AASL192', 'AIHL21']"
464,1465,"[103, 102]",2,17,N,['AASL192']
465,1466,[103],6,73,N,"['AASL192', 'AIHL21']"
466,1467,"[101, 103]",4,48,N,"['AISL28', 'AASL192']"
467,1468,[103],1,6,N,['AASL192']
468,1469,"[102, 101, 103]",1,11,N,"['AISL28', 'AIHL21']"
469,1470,"[102, 101]",6,83,Y,"['AIHL21', 'AAHL67', 'AASL192']"
470,1471,[103],6,79,Y,"['AAHL67', 'AISL28', 'AIHL21']"
471,1472,"[101, 102]",7,86,Y,"['AASL192', 'AIHL21']"
472,1473,[102],4,43,Y,['AASL192']
473,1474,"[101, 103]",6,73,N,"['AIHL21', 'AAHL67']"
474,1475,"[103, 101]",1,14,N,"['AAHL67', 'AISL28']"
475,1476,"[102, 103, 101]",1,13,Y,"['AISL28', 'AASL192']"
476,1477,[102],6,77,N,"['AAHL67', 'AISL28']"
477,1478,"[102, 101]",5,63,N,"['AIHL21', 'AASL192', 'AAHL67']"
478,1479,[103],4,44,N,['AIHL21']
479,1480,"[103, 102]",2,16,N,"['AASL192', 'AISL28']"
480,1481,"[103, 101]",3,37,N,"['AASL192', 'AAHL67']"
481,1482,"[101, 102]",4,47,N,['AIHL21']
482,1483,[103],7,92,Y,['AIHL21']
483,1484,[101],5,65,Y,['AASL192']
484,1485,"[101, 102]",1,11,N,"['AASL192', 'AIHL21', 'AISL28']"
485,1486,"[102, 101]",2,16,N,['AISL28']
486,1487,"[102, 101]",6,82,Y,"['AAHL67', 'AIHL21']"
487,1488,[101],2,27,N,"['AASL192', 'AAHL67']"
488,1489,[103],2,19,N,"['AASL192', 'AISL28']"
489,1490,[102],4,45,N,"['AISL28', 'AASL192', 'AAHL67']"
490,1491,"[102, 103]",3,35,N,"['AIHL21', 'AASL192']"
491,1492,[103],2,15,N,"['AAHL67', 'AASL192']"
492,1493,[101],7,95,N,"['AIHL21', 'AISL28', 'AAHL67']"
493,1494,[102],7,93,N,"['AIHL21', 'AAHL67', 'AISL28']"
494,1495,[102],3,37,N,"['AIHL21', 'AASL192']"
495,1496,"[102, 101]",2,22,Y,['AAHL67']
496,1497,"[101, 102]",2,27,N,"['AISL28', 'AASL192']"
497,1498,[103],6,78,Y,['AIHL21']
498,1499,"[101, 103]",7,90,N,['AASL192']
499,1500,"[103, 102]",4,48,N,['AAHL67']
500,1501,"[103, 101]",4,45,Y,"['AISL28', 'AIHL21']"
501,1502,[101],6,72,Y,['AAHL67']
502,1503,[101],1,12,N,"['AAHL67', 'AASL192']"
503,1504,"[103, 101, 102]",3,42,Y,['AASL192']
504,1505,"[103, 101]",6,78,Y,['AAHL67']
505,1506,[103],4,48,Y,"['AIHL21', 'AISL28', 'AAHL67']"
506,1507,"[101, 102, 103]",7,93,Y,"['AISL28', 'AIHL21']"
507,1508,"[102, 103]",7,97,N,"['AAHL67', 'AIHL21', 'AISL28']"
508,1509,[102],6,72,N,['AAHL67']
509,1510,[101],1,10,N,['AIHL21']
510,1511,[102],1,10,Y,"['AASL192', 'AISL28']"
511,1512,[103],6,77,N,"['AISL28', 'AASL192']"
512,1513,[103],5,58,Y,"['AISL28', 'AIHL21', 'AASL192', 'AAHL67']"
513,1514,[101],6,78,N,"['AISL28', 'AAHL67']"
514,1515,[101],7,92,Y,"['AASL192', 'AIHL21', 'AAHL67']"
515,1516,"[101, 102]",1,10,N,"['AISL28', 'AAHL67', 'AIHL21']"
516,1517,[101],3,36,Y,"['AISL28', 'AASL192']"
517,1518,[101],6,82,Y,['AAHL67']
518,1519,[101],4,57,Y,['AIHL21']
519,1520,"[103, 101]",7,98,N,"['AIHL21', 'AISL28']"
520,1521,[103],5,63,Y,"['AAHL67', 'AISL28']"
521,1522,"[102, 101]",2,22,N,"['AAHL67', 'AASL192']"
522,1523,[102],1,10,Y,['AIHL21']
523,1524,[103],7,94,Y,['AAHL67']
524,1525,"[102, 103, 101]",1,12,Y,['AASL192']
525,1526,"[101, 103]",3,42,N,['AAHL67']
526,1527,[102],2,18,Y,"['AIHL21', 'AISL28']"
527,1528,[103],1,9,Y,"['AASL192', 'AISL28']"
528,1529,"[102, 103]",7,100,N,['AAHL67']
529,1530,"[101, 103]",2,23,N,['AISL28']
530,1531,"[101, 103]",6,73,Y,"['AIHL21', 'AASL192']"
531,1532,"[103, 101]",6,85,Y,['AASL192']
532,1533,"[103, 101]",3,32,N,"['AIHL21', 'AISL28']"
533,1534,[103],7,87,Y,"['AIHL21', 'AISL28']"
534,1535,[103],2,18,N,['AIHL21']
535,1536,[101],3,30,N,"['AASL192', 'AIHL21']"
536,1537,[103],7,98,Y,['AIHL21']
537,1538,"[102, 103]",4,56,N,"['AASL192', 'AISL28', 'AIHL21', 'AAHL67']"
538,1539,"[101, 103]",2,20,N,['AIHL21']
539,1540,"[101, 102]",5,67,Y,['AASL192']
540,1541,[101],7,95,Y,"['AAHL67', 'AISL28']"
541,1542,"[103, 102]",7,92,Y,"['AAHL67', 'AIHL21', 'AASL192']"
542,1543,[102],7,91,Y,"['AAHL67', 'AASL192']"
543,1544,[102],3,32,N,['AISL28']
544,1545,"[101, 103]",3,35,Y,"['AIHL21', 'AASL192']"
545,1546,"[103, 102]",6,79,N,"['AAHL67', 'AIHL21']"
546,1547,[103],3,39,N,['AASL192']
547,1548,"[102, 101, 103]",5,59,N,['AIHL21']
548,1549,"[102, 101, 103]",5,61,N,"['AASL192', 'AISL28', 'AAHL67']"
549,1550,[103],3,39,Y,"['AASL192', 'AIHL21']"
550,1551,"[102, 103, 101]",7,98,Y,"['AAHL67', 'AIHL21', 'AASL192']"
551,1552,"[101, 103, 102]",5,70,N,['AIHL21']
552,1553,"[103, 102]",2,23,N,"['AIHL21', 'AISL28']"
553,1554,[103],5,59,Y,"['AASL192', 'AISL28']"
554,1555,"[103, 101, 102]",7,96,Y,['AAHL67']
555,1556,"[101, 102]",3,30,Y,"['AIHL21', 'AISL28']"
556,1557,[101],7,88,Y,"['AIHL21', 'AISL28']"
557,1558,"[101, 102]",3,31,Y,"['AISL28', 'AAHL67']"
558,1559,"[101, 103]",3,34,N,"['AIHL21', 'AISL28']"
559,1560,"[103, 101]",7,96,N,['AISL28']
560,1561,"[103, 102]",5,68,N,['AISL28']
561,1562,"[101, 103]",6,72,N,['AIHL21']
562,1563,[102],6,74,Y,['AISL28']
563,1564,[101],5,65,Y,"['AISL28', 'AIHL21']"
564,1565,[103],5,68,N,"['AAHL67', 'AISL28', 'AIHL21']"
565,1566,"[103, 101]",3,39,Y,['AISL28']
566,1567,"[103, 102]",5,67,Y,"['AAHL67', 'AISL28', 'AIHL21']"
567,1568,"[103, 102]",4,44,N,"['AAHL67', 'AASL192']"
568,1569,[103],3,36,N,"['AISL28', 'AIHL21']"
569,1570,[102],3,38,Y,"['AIHL21', 'AISL28']"
570,1571,[103],5,66,Y,"['AISL28', 'AIHL21', 'AAHL67']"
571,1572,"[103, 101]",5,68,N,['AIHL21']
572,1573,[103],2,24,N,['AIHL21']
573,1574,"[103, 101]",6,74,N,['AASL192']
574,1575,"[101, 102]",7,98,N,"['AASL192', 'AISL28']"
575,1576,[102],5,58,N,['AISL28']
576,1577,[102],1,7,N,"['AIHL21', 'AAHL67', 'AISL28']"
577,1578,[102],7,93,N,"['AAHL67', 'AIHL21']"
578,1579,"[103, 101, 102]",4,46,N,['AASL192']
579,1580,[103],3,35,Y,['AISL28']
580,1581,"[103, 101]",6,83,N,"['AIHL21', 'AASL192']"
581,1582,"[103, 102]",7,89,N,['AISL28']
582,1583,"[102, 103]",7,96,N,"['AASL192', 'AAHL67', 'AISL28']"
583,1584,"[103, 102]",6,81,N,"['AASL192', 'AISL28']"
584,1585,[102],4,43,N,['AIHL21']
585,1586,"[101, 103]",4,46,N,"['AIHL21', 'AISL28']"
586,1587,[102],7,93,Y,"['AASL192', 'AIHL21']"
587,1588,[101],5,70,N,['AASL192']
588,1589,[101],6,73,N,['AAHL67']
589,1590,[103],1,12,Y,['AASL192']
590,1591,[101],3,41,N,"['AIHL21', 'AAHL67']"
591,1592,[101],4,55,Y,['AIHL21']
592,1593,"[102, 101]",7,96,Y,"['AAHL67', 'AIHL21', 'AISL28']"
593,1594,[103],5,67,Y,"['AISL28', 'AASL192']"
594,1595,[103],6,80,N,"['AAHL67', 'AASL192', 'AIHL21']"
595,1596,[103],3,33,N,"['AASL192', 'AISL28']"
596,1597,[103],2,27,Y,"['AIHL21', 'AASL192', 'AAHL67']"
597,1598,[101],7,96,Y,"['AISL28', 'AAHL67']"
598,1599,"[101, 103]",5,58,N,"['AIHL21', 'AAHL67', 'AASL192']"
599,1600,"[102, 103]",7,100,N,"['AASL192', 'AAHL67']"
600,1601,[103],5,69,Y,"['AASL192', 'AISL28']"
601,1602,[101],7,86,Y,"['AISL28', 'AIHL21']"
602,1603,"[103, 102]",7,86,Y,"['AISL28', 'AIHL21']"
603,1604,"[101, 102]",7,92,N,"['AASL192', 'AAHL67']"
604,1605,[102],6,77,N,"['AIHL21', 'AISL28', 'AASL192']"
605,1606,"[103, 102]",3,37,Y,"['AAHL67', 'AASL192', 'AIHL21']"
606,1607,"[102, 101]",2,26,Y,"['AAHL67', 'AISL28']"
607,1608,[101],3,34,N,['AIHL21']
608,1609,[102],2,24,Y,['AISL28']
609,1610,"[103, 101]",1,5,Y,"['AIHL21', 'AISL28']"
610,1611,[103],3,33,N,['AAHL67']
611,1612,[101],3,31,N,"['AAHL67', 'AIHL21']"
612,1613,"[102, 101, 103]",6,74,Y,"['AASL192', 'AIHL21', 'AISL28']"
613,1614,"[103, 101]",5,62,N,"['AISL28', 'AIHL21']"
614,1615,[102],5,59,Y,"['AIHL21', 'AISL28']"
615,1616,[101],4,55,N,"['AAHL67', 'AASL192', 'AIHL21']"
616,1617,"[103, 101]",7,88,Y,['AASL192']
617,1618,[101],2,22,N,['AISL28']
618,1619,[103],2,16,N,"['AASL192', 'AISL28']"
619,1620,"[102, 103]",5,67,Y,['AAHL67']
620,1621,[103],4,44,N,['AIHL21']
621,1622,[103],5,66,Y,"['AIHL21', 'AASL192']"
622,1623,[101],2,22,N,"['AASL192', 'AIHL21']"
623,1624,[101],3,42,N,"['AAHL67', 'AASL192']"
624,1625,"[101, 102]",1,3,Y,['AASL192']
625,1626,"[101, 102, 103]",3,37,N,['AIHL21']
626,1627,[103],2,15,Y,"['AIHL21', 'AAHL67']"
627,1628,[101],5,62,Y,"['AIHL21', 'AASL192']"
628,1629,[103],6,76,Y,"['AIHL21', 'AISL28']"
629,1630,"[101, 102]",5,60,Y,"['AASL192', 'AIHL21']"
630,1631,[102],1,8,Y,"['AAHL67', 'AIHL21']"
631,1632,[103],6,83,N,"['AASL192', 'AAHL67', 'AIHL21']"
632,1633,[101],3,41,N,"['AASL192', 'AISL28', 'AIHL21']"
633,1634,[103],5,60,Y,"['AIHL21', 'AAHL67', 'AISL28']"
634,1635,"[101, 103]",5,64,Y,"['AASL192', 'AAHL67', 'AISL28']"
635,1636,[103],4,48,N,"['AISL28', 'AASL192']"
636,1637,"[102, 103]",1,9,Y,"['AISL28', 'AIHL21']"
637,1638,[103],1,2,Y,"['AAHL67', 'AIHL21']"
638,1639,[103],4,49,N,['AASL192']
639,1640,"[103, 102]",3,35,N,['AAHL67']
640,1641,"[102, 101, 103]",3,32,Y,['AIHL21']
641,1642,"[103, 101]",2,26,N,"['AISL28', 'AAHL67']"
642,1643,[103],4,44,N,['AIHL21']
643,1644,[102],2,19,Y,"['AAHL67', 'AIHL21', 'AASL192']"
644,1645,[103],7,96,N,['AISL28']
645,1646,[102],1,12,N,['AAHL67']
646,1647,[101],5,68,N,"['AASL192', 'AIHL21']"
647,1648,"[103, 101]",5,67,Y,"['AASL192', 'AIHL21', 'AAHL67']"
648,1649,"[103, 101]",4,47,N,"['AASL192', 'AIHL21']"
649,1650,[101],2,22,N,"['AISL28', 'AAHL67']"
650,1651,[102],5,70,N,['AASL192']
651,1652,"[101, 102, 103]",1,6,Y,"['AISL28', 'AIHL21']"
652,1653,[103],6,81,Y,['AASL192']
653,1654,"[102, 103, 101]",5,70,N,"['AIHL21', 'AISL28']"
654,1655,[101],3,34,Y,['AASL192']
655,1656,[101],2,18,Y,"['AISL28', 'AIHL21']"
656,1657,"[101, 103]",3,38,N,"['AISL28', 'AIHL21', 'AASL192']"
657,1658,[101],1,11,N,"['AASL192', 'AAHL67']"
658,1659,[101],1,13,Y,['AAHL67']
659,1660,"[101, 102, 103]",1,8,Y,['AASL192']
660,1661,[101],6,74,Y,"['AISL28', 'AASL192', 'AAHL67']"
661,1662,"[101, 103]",5,67,Y,"['AAHL67', 'AASL192']"
662,1663,"[102, 101]",5,58,Y,"['AAHL67', 'AASL192', 'AIHL21']"
663,1664,"[102, 101]",3,39,Y,"['AASL192', 'AIHL21']"
664,1665,"[102, 101, 103]",7,98,Y,"['AASL192', 'AIHL21', 'AISL28', 'AAHL67']"
665,1666,[102],6,74,N,['AISL28']
666,1667,"[103, 101]",1,10,N,['AAHL67']
667,1668,"[102, 103]",5,70,Y,"['AISL28', 'AASL192', 'AIHL21']"
668,1669,"[102, 101]",4,52,Y,"['AIHL21', 'AAHL67']"
669,1670,[102],2,27,N,['AISL28']
670,1671,"[103, 102]",6,82,N,"['AIHL21', 'AISL28', 'AASL192']"
671,1672,"[103, 102]",6,79,N,"['AIHL21', 'AASL192', 'AAHL67']"
672,1673,[102],4,56,Y,['AASL192']
673,1674,[102],1,8,Y,['AAHL67']
674,1675,"[103, 101]",6,75,Y,['AASL192']
675,1676,[102],4,50,Y,"['AISL28', 'AIHL21']"
676,1677,[103],3,36,Y,"['AIHL21', 'AISL28']"
677,1678,[101],1,5,N,"['AIHL21', 'AAHL67']"
678,1679,[101],7,86,Y,"['AASL192', 'AISL28', 'AAHL67']"
679,1680,[102],7,94,N,['AASL192']
680,1681,[101],1,6,Y,['AISL28']
681,1682,"[101, 102]",7,98,N,"['AAHL67', 'AIHL21', 'AISL28']"
682,1683,"[102, 103]",7,95,N,"['AISL28', 'AIHL21', 'AASL192']"
683,1684,[102],1,9,Y,['AAHL67']
684,1685,"[103, 101, 102]",7,86,Y,"['AAHL67', 'AISL28']"
685,1686,[101],6,77,Y,"['AISL28', 'AIHL21', 'AASL192', 'AAHL67']"
686,1687,[103],3,35,Y,['AISL28']
687,1688,"[102, 103]",2,27,Y,['AIHL21']
688,1689,"[102, 103]",4,45,N,['AASL192']
689,1690,[103],3,39,Y,"['AISL28', 'AASL192']"
690,1691,[101],2,19,N,"['AIHL21', 'AAHL67']"
691,1692,"[101, 103]",2,19,N,"['AIHL21', 'AASL192']"
692,1693,"[102, 101]",1,12,N,['AIHL21']
693,1694,"[102, 103]",7,97,Y,['AISL28']
694,1695,[103],7,95,N,['AAHL67']
695,1696,"[103, 102]",3,40,Y,"['AAHL67', 'AASL192', 'AIHL21']"
696,1697,"[103, 102]",7,88,Y,"['AASL192', 'AISL28']"
697,1698,"[102, 103]",7,87,Y,"['AAHL67', 'AASL192']"
698,1699,"[103, 101]",6,81,Y,"['AAHL67', 'AISL28']"
699,1700,"[103, 102]",5,65,Y,"['AISL28', 'AASL192']"
700,1701,[102],1,7,N,"['AIHL21', 'AAHL67', 'AISL28']"
701,1702,[101],1,3,Y,"['AIHL21', 'AAHL67', 'AISL28']"
702,1703,"[103, 101, 102]",5,70,Y,['AISL28']
703,1704,"[103, 101]",7,92,Y,['AIHL21']
704,1705,"[103, 102]",4,54,N,"['AIHL21', 'AISL28', 'AASL192']"
705,1706,[103],5,61,N,['AISL28']
706,1707,"[101, 102]",5,63,Y,"['AIHL21', 'AAHL67', 'AASL192']"
707,1708,[101],3,38,N,"['AIHL21', 'AISL28']"
708,1709,[103],6,82,Y,"['AIHL21', 'AISL28']"
709,1710,[101],5,65,N,"['AASL192', 'AAHL67', 'AISL28', 'AIHL21']"
710,1711,[101],5,63,N,['AAHL67']
711,1712,"[101, 103]",7,99,N,['AASL192']
712,1713,[102],2,17,N,"['AIHL21', 'AASL192']"
713,1714,"[102, 101]",7,98,N,"['AIHL21', 'AAHL67', 'AASL192']"
714,1715,"[101, 102]",3,30,Y,"['AIHL21', 'AAHL67']"
715,1716,[102],1,7,Y,"['AASL192', 'AIHL21']"
716,1717,"[101, 102, 103]",1,14,N,"['AASL192', 'AAHL67']"
717,1718,[101],5,65,Y,"['AIHL21', 'AASL192']"
718,1719,"[101, 103]",1,8,N,['AAHL67']
719,1720,"[102, 101]",5,62,N,['AISL28']
720,1721,"[101, 103]",1,1,Y,"['AAHL67', 'AISL28', 'AIHL21']"
721,1722,"[103, 102]",5,65,Y,"['AAHL67', 'AASL192', 'AISL28']"
722,1723,"[103, 102, 101]",6,79,N,['AASL192']
723,1724,[102],4,54,N,['AASL192']
724,1725,[101],2,18,N,"['AISL28', 'AIHL21']"
725,1726,[102],6,83,Y,['AAHL67']
726,1727,[101],1,8,Y,"['AISL28', 'AASL192']"
727,1728,[103],3,36,Y,"['AIHL21', 'AAHL67']"
728,1729,"[102, 101, 103]",6,74,Y,"['AISL28', 'AASL192']"
729,1730,"[101, 103]",6,85,N,"['AASL192', 'AISL28']"
730,1731,[101],1,4,N,"['AASL192', 'AAHL67']"
731,1732,"[103, 102]",5,66,Y,"['AISL28', 'AIHL21']"
732,1733,[101],4,47,N,['AAHL67']
733,1734,[101],5,59,Y,['AIHL21']
734,1735,"[101, 102]",1,9,Y,"['AISL28', 'AASL192']"
735,1736,"[103, 101]",1,9,Y,"['AIHL21', 'AISL28']"
736,1737,"[103, 101]",3,39,Y,"['AAHL67', 'AIHL21']"
737,1738,"[103, 102]",2,25,Y,"['AISL28', 'AIHL21']"
738,1739,"[103, 101]",5,67,N,"['AASL192', 'AAHL67', 'AISL28']"
739,1740,[101],5,66,Y,['AIHL21']
740,1741,[103],5,68,Y,"['AISL28', 'AAHL67']"
741,1742,[102],1,6,Y,"['AASL192', 'AISL28', 'AAHL67']"
742,1743,"[102, 101]",4,44,N,"['AAHL67', 'AISL28']"
743,1744,[103],7,87,Y,"['AASL192', 'AIHL21']"
744,1745,"[103, 101]",7,93,N,"['AISL28', 'AAHL67']"
745,1746,[102],7,93,Y,"['AAHL67', 'AISL28']"
746,1747,[103],7,90,Y,['AAHL67']
747,1748,[102],7,89,N,['AIHL21']
748,1749,[103],6,84,Y,['AAHL67']
749,1750,[101],5,70,Y,"['AIHL21', 'AISL28']"
750,1751,[103],6,72,Y,"['AISL28', 'AIHL21', 'AASL192']"
751,1752,"[101, 102]",7,90,N,"['AASL192', 'AAHL67', 'AIHL21']"
752,1753,[102],5,68,N,"['AISL28', 'AIHL21', 'AAHL67']"
753,1754,"[101, 102]",4,48,Y,"['AISL28', 'AAHL67']"
754,1755,[101],1,3,Y,"['AAHL67', 'AISL28', 'AIHL21']"
755,1756,"[102, 103]",3,39,N,"['AAHL67', 'AASL192']"
756,1757,"[102, 101]",4,54,Y,"['AISL28', 'AIHL21', 'AAHL67']"
757,1758,"[103, 102]",1,14,Y,"['AASL192', 'AIHL21']"
758,1759,"[102, 101]",6,78,Y,['AISL28']
759,1760,"[103, 101, 102]",5,68,Y,['AISL28']
760,1761,[101],1,3,Y,['AIHL21']
761,1762,"[102, 103]",1,11,Y,"['AISL28', 'AASL192', 'AIHL21']"
762,1763,[101],1,9,N,"['AIHL21', 'AASL192']"
763,1764,"[101, 103]",6,78,N,"['AASL192', 'AISL28']"
764,1765,"[103, 102]",2,15,N,['AISL28']
765,1766,"[101, 102]",4,46,N,"['AISL28', 'AASL192', 'AAHL67']"
766,1767,[102],7,94,N,['AISL28']
767,1768,[102],7,96,N,"['AASL192', 'AAHL67']"
768,1769,[101],6,73,Y,['AIHL21']
769,1770,[101],5,67,Y,['AASL192']
770,1771,"[103, 101]",5,68,N,"['AISL28', 'AIHL21', 'AAHL67']"
771,1772,[103],2,20,Y,"['AASL192', 'AAHL67', 'AIHL21']"
772,1773,[102],3,41,Y,"['AIHL21', 'AAHL67']"
773,1774,"[102, 103]",3,33,N,"['AISL28', 'AAHL67', 'AASL192']"
774,1775,[101],5,61,Y,"['AASL192', 'AAHL67', 'AIHL21', 'AISL28']"
775,1776,"[101, 102]",2,23,Y,"['AIHL21', 'AISL28']"
776,1777,"[103, 102]",7,98,Y,"['AASL192', 'AISL28']"
777,1778,"[103, 101]",6,81,Y,"['AASL192', 'AIHL21']"
778,1779,"[102, 101]",4,46,N,"['AIHL21', 'AAHL67']"
779,1780,[102],4,57,N,"['AIHL21', 'AISL28']"
780,1781,"[103, 102]",7,92,Y,"['AASL192', 'AIHL21']"
781,1782,[101],4,47,N,"['AIHL21', 'AISL28']"
782,1783,[102],2,24,Y,['AIHL21']
783,1784,"[101, 103]",6,74,Y,['AASL192']
784,1785,"[101, 102]",4,54,N,"['AASL192', 'AAHL67', 'AISL28']"
785,1786,"[101, 103]",7,94,Y,['AIHL21']
786,1787,[103],5,61,N,"['AAHL67', 'AISL28', 'AASL192']"
787,1788,[101],1,6,Y,"['AASL192', 'AIHL21', 'AISL28']"
788,1789,[103],4,53,Y,['AASL192']
789,1790,[102],6,79,N,"['AAHL67', 'AISL28']"
790,1791,[101],5,66,Y,['AASL192']
791,1792,"[102, 103, 101]",2,15,N,['AASL192']
792,1793,[101],2,24,N,"['AIHL21', 'AISL28']"
793,1794,"[103, 101]",2,16,N,['AAHL67']
794,1795,"[102, 103]",6,77,Y,['AISL28']
795,1796,"[101, 102]",2,24,N,['AIHL21']
796,1797,"[103, 102]",6,83,Y,"['AASL192', 'AISL28']"
797,1798,"[102, 103, 101]",2,16,Y,"['AASL192', 'AISL28', 'AIHL21']"
798,1799,[102],7,93,N,"['AASL192', 'AIHL21']"
799,1800,"[101, 102]",3,38,N,['AAHL67']
800,1801,[101],7,89,Y,['AISL28']
801,1802,[103],4,57,N,['AIHL21']
802,1803,"[103, 101]",6,82,Y,['AIHL21']
803,1804,"[103, 101]",7,92,Y,['AAHL67']
804,1805,[102],5,71,N,['AAHL67']
805,1806,[103],4,46,Y,['AASL192']
806,1807,[101],3,33,N,"['AISL28', 'AAHL67']"
807,1808,"[102, 101]",2,27,N,"['AASL192', 'AIHL21', 'AAHL67']"
808,1809,[101],1,8,Y,"['AAHL67', 'AISL28', 'AIHL21']"
809,1810,[103],5,65,N,"['AAHL67', 'AASL192', 'AISL28']"
810,1811,[102],2,22,N,"['AAHL67', 'AISL28', 'AASL192']"
811,1812,[101],3,31,Y,"['AISL28', 'AASL192', 'AIHL21']"
812,1813,"[103, 102]",5,65,N,"['AIHL21', 'AASL192']"
813,1814,[102],3,42,N,"['AASL192', 'AISL28', 'AIHL21']"
814,1815,"[102, 103, 101]",2,16,N,"['AAHL67', 'AASL192', 'AIHL21']"
815,1816,[101],1,4,N,"['AISL28', 'AASL192', 'AIHL21']"
816,1817,"[102, 101]",4,57,N,"['AISL28', 'AASL192', 'AIHL21']"
817,1818,[103],6,84,N,"['AASL192', 'AIHL21']"
818,1819,"[101, 102]",3,29,Y,"['AIHL21', 'AAHL67', 'AASL192']"
819,1820,[103],3,34,Y,"['AASL192', 'AIHL21', 'AAHL67']"
820,1821,[101],5,65,Y,"['AAHL67', 'AISL28', 'AIHL21']"
821,1822,[101],3,29,Y,"['AIHL21', 'AAHL67', 'AASL192']"
822,1823,[103],6,84,Y,['AASL192']
823,1824,[102],2,20,Y,"['AIHL21', 'AAHL67']"
824,1825,"[103, 101]",6,74,Y,"['AIHL21', 'AASL192']"
825,1826,"[101, 103]",2,25,N,['AIHL21']
826,1827,"[103, 101]",1,7,Y,"['AIHL21', 'AISL28', 'AASL192']"
827,1828,"[102, 103, 101]",4,53,N,"['AASL192', 'AAHL67', 'AIHL21']"
828,1829,"[101, 103]",3,41,Y,['AASL192']
829,1830,"[102, 103]",5,59,Y,"['AAHL67', 'AISL28']"
830,1831,"[102, 103]",3,39,Y,"['AASL192', 'AIHL21']"
831,1832,[101],5,64,Y,"['AAHL67', 'AISL28', 'AASL192']"
832,1833,"[101, 103]",6,84,Y,['AAHL67']
833,1834,"[103, 102]",2,24,Y,['AIHL21']
834,1835,"[103, 101]",3,32,Y,"['AISL28', 'AIHL21', 'AASL192']"
835,1836,[101],4,48,N,"['AASL192', 'AISL28']"
836,1837,[103],6,83,N,['AIHL21']
837,1838,"[101, 102]",4,53,N,"['AISL28', 'AAHL67']"
838,1839,"[101, 102]",7,94,Y,['AIHL21']
839,1840,[103],3,31,N,"['AISL28', 'AASL192']"
840,1841,"[101, 103]",5,68,N,['AAHL67']
841,1842,"[102, 101]",5,71,Y,['AASL192']
842,1843,"[101, 103]",4,46,N,['AASL192']
843,1844,[103],6,77,Y,"['AAHL67', 'AISL28']"
844,1845,[102],2,25,Y,"['AASL192', 'AAHL67', 'AIHL21']"
845,1846,"[101, 102]",2,23,Y,['AAHL67']
846,1847,"[103, 101]",5,66,N,"['AASL192', 'AAHL67']"
847,1848,"[103, 101]",2,28,Y,['AIHL21']
848,1849,"[102, 103]",5,71,N,"['AISL28', 'AAHL67', 'AIHL21']"
849,1850,[102],6,78,N,"['AISL28', 'AASL192']"
850,1851,"[102, 103]",6,81,Y,"['AAHL67', 'AISL28']"
851,1852,"[101, 103]",1,9,N,"['AISL28', 'AIHL21']"
852,1853,[101],7,99,N,"['AISL28', 'AIHL21']"
853,1854,"[101, 103]",5,67,Y,"['AIHL21', 'AISL28']"
854,1855,"[102, 103, 101]",3,33,Y,"['AISL28', 'AASL192']"
855,1856,[102],1,10,Y,['AASL192']
856,1857,"[102, 103]",7,87,N,"['AAHL67', 'AIHL21', 'AISL28']"
857,1858,"[102, 103]",3,33,N,['AIHL21']
858,1859,[102],7,97,Y,"['AAHL67', 'AIHL21', 'AASL192']"
859,1860,"[102, 103]",2,17,N,"['AISL28', 'AASL192']"
860,1861,[103],4,49,N,"['AIHL21', 'AAHL67', 'AASL192']"
861,1862,"[101, 103]",5,66,N,['AASL192']
862,1863,"[101, 103]",6,80,N,"['AAHL67', 'AASL192']"
863,1864,"[101, 103, 102]",1,2,Y,"['AISL28', 'AAHL67']"
864,1865,[103],7,90,Y,"['AIHL21', 'AISL28', 'AAHL67']"
865,1866,"[101, 103]",4,53,Y,['AISL28']
866,1867,"[101, 103]",5,64,Y,['AAHL67']
867,1868,[101],3,40,N,"['AIHL21', 'AAHL67']"
868,1869,"[101, 103]",4,55,N,['AISL28']
869,1870,[102],5,68,N,"['AISL28', 'AIHL21']"
870,1871,"[103, 101]",5,67,Y,['AISL28']
871,1872,[103],6,74,N,"['AISL28', 'AASL192']"
872,1873,"[101, 102]",1,11,N,"['AISL28', 'AIHL21', 'AASL192']"
873,1874,[103],6,83,N,"['AISL28', 'AAHL67']"
874,1875,[102],3,32,N,"['AASL192', 'AIHL21']"
875,1876,"[103, 102]",4,57,Y,"['AIHL21', 'AISL28', 'AAHL67']"
876,1877,"[102, 103]",2,16,N,"['AIHL21', 'AISL28']"
877,1878,[101],2,19,Y,"['AISL28', 'AIHL21']"
878,1879,[103],2,25,N,"['AASL192', 'AIHL21']"
879,1880,[102],1,2,Y,['AIHL21']
880,1881,"[101, 103, 102]",6,77,Y,"['AASL192', 'AISL28', 'AIHL21']"
881,1882,[103],2,25,N,"['AAHL67', 'AIHL21']"
882,1883,[102],2,18,Y,"['AAHL67', 'AISL28']"
883,1884,"[103, 101]",6,73,Y,"['AAHL67', 'AASL192']"
884,1885,[103],3,29,Y,"['AAHL67', 'AIHL21', 'AASL192']"
885,1886,"[101, 103]",7,91,Y,"['AIHL21', 'AISL28']"
886,1887,[101],6,76,N,"['AISL28', 'AIHL21']"
887,1888,[102],6,78,Y,"['AAHL67', 'AIHL21', 'AISL28']"
888,1889,"[101, 102]",7,91,N,"['AISL28', 'AASL192']"
889,1890,"[102, 101]",2,16,N,"['AAHL67', 'AIHL21']"
890,1891,"[103, 102]",5,68,N,"['AISL28', 'AASL192']"
891,1892,"[101, 102]",7,91,N,"['AAHL67', 'AISL28']"
892,1893,"[101, 103]",1,2,N,"['AASL192', 'AAHL67']"
893,1894,"[103, 101]",1,4,N,"['AISL28', 'AAHL67', 'AIHL21']"
894,1895,"[101, 103]",5,68,Y,"['AISL28', 'AAHL67']"
895,1896,"[101, 103]",3,36,Y,"['AASL192', 'AISL28', 'AIHL21']"
896,1897,"[103, 101]",2,18,Y,['AISL28']
897,1898,"[103, 102]",7,89,N,"['AISL28', 'AIHL21']"
898,1899,[102],7,90,N,"['AASL192', 'AISL28']"
899,1900,[102],6,85,N,"['AIHL21', 'AAHL67', 'AISL28']"
900,1901,[102],4,47,Y,"['AASL192', 'AISL28', 'AIHL21']"
901,1902,[101],7,86,N,"['AAHL67', 'AIHL21', 'AISL28']"
902,1903,"[102, 103, 101]",5,67,Y,['AISL28']
903,1904,"[101, 103, 102]",2,19,Y,"['AIHL21', 'AAHL67', 'AASL192']"
904,1905,[102],6,75,N,"['AIHL21', 'AASL192']"
905,1906,[102],5,59,N,"['AIHL21', 'AASL192']"
906,1907,"[102, 103]",2,23,Y,['AAHL67']
907,1908,[101],6,74,N,['AASL192']
908,1909,"[103, 102]",2,15,Y,"['AASL192', 'AIHL21']"
909,1910,"[102, 103]",7,99,Y,"['AISL28', 'AASL192', 'AIHL21']"
910,1911,[103],2,21,N,"['AIHL21', 'AASL192']"
911,1912,"[103, 102]",6,84,N,"['AISL28', 'AIHL21', 'AAHL67']"
912,1913,"[101, 102]",5,70,N,"['AAHL67', 'AASL192', 'AISL28']"
913,1914,"[103, 101]",3,34,Y,"['AISL28', 'AIHL21']"
914,1915,"[101, 102]",2,20,N,['AISL28']
915,1916,"[102, 101]",2,16,N,"['AIHL21', 'AAHL67', 'AASL192']"
916,1917,[103],3,41,Y,"['AISL28', 'AIHL21']"
917,1918,[102],2,26,Y,['AAHL67']
918,1919,"[102, 103, 101]",2,22,N,"['AISL28', 'AASL192']"
919,1920,"[101, 102, 103]",3,34,N,"['AAHL67', 'AIHL21']"
920,1921,"[102, 101, 103]",5,71,N,"['AAHL67', 'AASL192']"
921,1922,"[102, 103]",1,1,N,['AIHL21']
922,1923,"[101, 103]",4,48,N,"['AASL192', 'AAHL67', 'AIHL21']"
923,1924,[102],5,63,Y,"['AISL28', 'AIHL21']"
924,1925,[101],2,27,N,"['AAHL67', 'AASL192', 'AISL28']"
925,1926,"[101, 103]",5,58,Y,['AISL28']
926,1927,"[102, 103]",7,90,N,"['AIHL21', 'AAHL67']"
927,1928,[102],4,44,Y,"['AIHL21', 'AASL192']"
928,1929,"[103, 102]",6,81,Y,"['AASL192', 'AIHL21', 'AISL28']"
929,1930,"[103, 102, 101]",1,8,Y,['AAHL67']
930,1931,"[102, 103, 101]",6,82,N,"['AISL28', 'AIHL21']"
931,1932,"[103, 101, 102]",5,60,N,['AAHL67']
932,1933,[102],4,46,Y,['AIHL21']
933,1934,"[102, 101, 103]",7,89,N,"['AIHL21', 'AISL28']"
934,1935,"[103, 101]",7,100,Y,['AIHL21']
935,1936,[103],4,53,N,['AAHL67']
936,1937,"[102, 103]",6,80,N,"['AISL28', 'AIHL21', 'AAHL67']"
937,1938,[102],7,97,Y,"['AIHL21', 'AISL28', 'AASL192']"
938,1939,"[103, 102]",7,91,Y,"['AISL28', 'AASL192', 'AAHL67']"
939,1940,"[103, 101]",7,98,Y,['AAHL67']
940,1941,[103],1,6,N,['AIHL21']
941,1942,[103],1,3,N,"['AAHL67', 'AASL192', 'AISL28']"
942,1943,[102],1,3,N,['AIHL21']
943,1944,"[103, 102]",7,97,N,['AISL28']
944,1945,[103],7,92,N,"['AAHL67', 'AASL192']"
945,1946,[103],7,99,Y,['AAHL67']
946,1947,"[102, 103]",3,33,N,"['AIHL21', 'AAHL67']"
947,1948,"[103, 102]",1,11,Y,"['AASL192', 'AIHL21']"
948,1949,"[103, 101]",4,49,Y,"['AASL192', 'AAHL67']"
949,1950,"[102, 101]",5,63,Y,"['AAHL67', 'AISL28']"
950,1951,"[103, 101]",2,16,N,"['AASL192', 'AAHL67', 'AIHL21']"
951,1952,"[103, 101]",3,38,Y,['AAHL67']
952,1953,[102],1,9,N,"['AIHL21', 'AISL28']"
953,1954,[103],3,32,Y,"['AISL28', 'AASL192']"
954,1955,[103],2,16,Y,"['AAHL67', 'AASL192', 'AISL28']"
955,1956,"[101, 102]",1,11,N,"['AISL28', 'AIHL21']"
956,1957,[103],1,7,Y,"['AIHL21', 'AASL192']"
957,1958,"[102, 103]",5,63,N,['AAHL67']
958,1959,[101],2,17,Y,"['AAHL67', 'AASL192']"
959,1960,"[103, 102]",2,17,Y,['AAHL67']
960,1961,[102],1,13,Y,"['AAHL67', 'AIHL21']"
961,1962,"[103, 101]",2,18,N,"['AIHL21', 'AASL192']"
962,1963,[102],6,75,Y,['AISL28']
963,1964,[101],7,93,Y,"['AIHL21', 'AISL28']"
964,1965,[102],5,62,Y,"['AASL192', 'AISL28']"
965,1966,"[103, 101]",2,18,Y,"['AAHL67', 'AASL192', 'AIHL21']"
966,1967,[101],5,59,Y,['AAHL67']
967,1968,[101],6,82,Y,['AISL28']
968,1969,"[103, 102]",2,18,Y,['AASL192']
969,1970,"[103, 102]",4,50,Y,"['AASL192', 'AAHL67', 'AIHL21', 'AISL28']"
970,1971,[103],5,70,N,"['AISL28', 'AAHL67', 'AIHL21']"
971,1972,[102],7,87,N,['AIHL21']
972,1973,[101],5,70,N,"['AIHL21', 'AISL28']"
973,1974,[101],2,15,N,"['AISL28', 'AIHL21', 'AAHL67']"
974,1975,[103],6,82,Y,['AISL28']
975,1976,[102],3,36,N,"['AAHL67', 'AASL192']"
976,1977,"[101, 103, 102]",5,71,N,"['AAHL67', 'AIHL21']"
977,1978,"[103, 101]",1,1,Y,"['AIHL21', 'AAHL67', 'AISL28', 'AASL192']"
978,1979,"[102, 101]",3,33,N,['AAHL67']
979,1980,[101],2,25,N,"['AIHL21', 'AAHL67']"
980,1981,"[102, 103]",2,22,N,"['AASL192', 'AIHL21']"
981,1982,"[103, 102, 101]",1,13,N,['AIHL21']
982,1983,"[102, 103]",4,50,N,"['AASL192', 'AAHL67']"
983,1984,"[101, 102]",7,98,N,"['AASL192', 'AAHL67']"
984,1985,[102],7,97,Y,"['AASL192', 'AISL28', 'AAHL67']"
985,1986,"[102, 103, 101]",3,32,N,['AASL192']
986,1987,[101],7,88,Y,"['AAHL67', 'AIHL21', 'AISL28']"
987,1988,"[101, 103]",7,100,Y,['AASL192']
988,1989,[102],6,80,N,"['AAHL67', 'AIHL21']"
989,1990,[101],5,68,N,"['AISL28', 'AAHL67']"
990,1991,"[101, 103]",1,13,Y,['AISL28']
991,1992,[103],6,72,N,"['AASL192', 'AISL28']"
992,1993,"[101, 103]",6,79,N,"['AAHL67', 'AIHL21']"
993,1994,"[102, 103]",2,15,Y,"['AISL28', 'AIHL21']"
994,1995,[103],1,3,N,['AIHL21']
995,1996,[103],3,36,N,"['AASL192', 'AAHL67', 'AIHL21']"
996,1997,"[103, 101]",6,76,Y,"['AAHL67', 'AISL28']"
997,1998,"[101, 102]",6,74,N,"['AAHL67', 'AIHL21']"
998,1999,[103],1,7,N,"['AISL28', 'AIHL21']"
999,2000,"[103, 101, 102]",7,92,N,"['AISL28', 'AAHL67']"
